[
  {
    "by": "⸸Ramlan⸸Panutanque.",
    "quote": "Lebih baik mengerti sedikit daripada salah mengerti."
  },
  {
    "by": "⸸Ramlan⸸Panutanque.",
    "quote": "Hampir semua pria memang mampu bertahan menghadapi kesulitan. Namun, jika Anda ingin menguji karakter sejati pria, beri dia kekuasaan."
  },
  {
    "by": "⸸Ramlan⸸Panutanque.",
    "quote": "Bila tekad seseorang kuat dan teguh, Tuhan akan bergabung dalam usahanya."
  },
  {
    "by": "⸸Ramlan⸸Panutanque.",
    "quote": "Penderitaan adalah pelajaran."
  },
  {
    "by": "⸸Ramlan⸸Panutanque.",
    "quote": "Ilmu pengetahuan tanpa agama adalah pincang."
  },
  {
    "by": "⸸Ramlan⸸Panutanque.",
    "quote": "Hidup itu seperti sebuah sepeda, agar tetap seimbang kita harus tetap bergerak."
  },
  {
    "by": "⸸Ramlan⸸Panutanque.",
    "quote": "Perbedaan masa lalu, sekarang, dan masa depan tak lebih dari ilusi yang keras kepala."
  },
  {
    "by": "⸸Ramlan⸸Panutanque.",
    "quote": "Sebuah meja, sebuah kursi, semangkuk buah, dan sebuah biola; apa lagi yang dibutuhkan agar seseorang bisa merasa bahagia?."
  },
  {
    "by": "⸸Ramlan⸸Panutanque.",
    "quote": "Belas kasihanlah terhadap sesama, bersikap keraslah terhadap diri sendiri."
  },
  {
    "by": "⸸Ramlan⸸Panutanque.",
    "quote": "Cara paling baik untuk menggerakkan diri Anda ialah memberi tugas kepada diri sendiri."
  },
  {
    "by": "⸸Ramlan⸸Panutanque.",
    "quote": "Kita tidak boleh kehilangan semangat. Semangat adalah stimulan terkuat untuk mencintai, berkreasi dan berkeinginan untuk hidup lebih lama."
  },
  {
    "by": "⸸Ramlan⸸Panutanque.",
    "quote": "Manusia akan bahagia selama ia memilih untuk bahagia."
  },
  {
    "by": "⸸Ramlan⸸Panutanque.",
    "quote": "Saya tidak berharap menjadi segalanya bagi setiap orang. Saya hanya ingin menjadi sesuatu untuk seseorang."
  },
  {
    "by": "⸸Ramlan⸸Panutanque.",
    "quote": "Apabila sempurna akal seseorang, maka sedikit perkataannya."
  },
  {
    "by": "⸸Ramlan⸸Panutanque.",
    "quote": "Bahagialah orang yang dapat menjadi tuan untuk dirinya, menjadi kusir untuk nafsunya dan menjadi kapten untuk bahtera hidupnya."
  },
  {
    "by": "⸸Ramlan⸸Panutanque.",
    "quote": "Sahabat yang jujur lebih besar harganya daripada harta benda yang diwarisi dari nenek moyang."
  },
  {
    "by": "⸸Ramlan⸸Panutanque.",
    "quote": "Yang palin melelahkan dalam hidup adalah menjadi orang yang tidak tulus."
  },
  {
    "by": "⸸Ramlan⸸Panutanque.",
    "quote": "Terbuka untuk Anda, begitulah Tuhan memberi kita jalan untuk berusaha. Jangan pernah berfikir jalan sudah tertutup."
  },
  {
    "by": "⸸Ramlan⸸Panutanque.",
    "quote": "Penundaan adalah kuburan dimana peluang dikuburkan."
  },
  {
    "by": "⸸Ramlan⸸Panutanque.",
    "quote": "Cinta bukan saling menatap mata, namun melihat ke arah yang sama bersama-sama."
  },
  {
    "by": "⸸Ramlan⸸Panutanque.",
    "quote": "Kita adalah apa yang kita kerjakan berulang kali. Dengan demikian, kecemerlangan bukan tindakan, tetapi kebiasaan."
  },
  {
    "by": "⸸Ramlan⸸Panutanque.",
    "quote": "Jangan pernah mencoba menjadikan putra atau putri Anda menjadi seperti Anda. Diri Anda hanya cukup satu saja."
  },
  {
    "by": "⸸Ramlan⸸Panutanque.",
    "quote": "Jika Anda bisa membuat orang lain tertawa, maka Anda akan mendapatkan semua cinta yang Anda inginkan."
  },
  {
    "by": "⸸Ramlan⸸Panutanque.",
    "quote": "Masalah akan datang cepat atau lambat. Jika masalah datang, sambut dengan sebaik mungkin. Semakin ramah Anda menyapanya, semakin cepat ia pergi."
  },
  {
    "by": "⸸Ramlan⸸Panutanque.",
    "quote": "Kita tak bisa melakukan apapun untuk mengubah masa lalu. Tapi apapun yang kita lakukan bisa mengubah masa depan."
  },
  {
    "by": "⸸Ramlan⸸Panutanque.",
    "quote": "Kesabaran adalah teman dari kebijaksanaan."
  },
  {
    "by": "⸸Ramlan⸸Panutanque.",
    "quote": "Orang-orang kreatif termotivasi oleh keinginan untuk maju, bukan oleh keinginan untuk mengalahkan orang lain."
  },
  {
    "by": "⸸Ramlan⸸Panutanque.",
    "quote": "Dimanapun engkau berada selalulah menjadi yang terbaik dan berikan yang terbaik dari yang bisa kita berikan."
  },
  {
    "by": "⸸Ramlan⸸Panutanque.",
    "quote": "Kebencian seperti halnya cinta, berkobar karena hal-hal kecil."
  },
  {
    "by": "⸸Ramlan⸸Panutanque.",
    "quote": "Anda tidak perlu harus berhasil pada kali pertama."
  },
  {
    "by": "⸸Ramlan⸸Panutanque.",
    "quote": "Satu jam yang intensif, jauh lebih baik dan menguntungkan daripada bertahun-tahun bermimpi dan merenung-renung."
  },
  {
    "by": "⸸Ramlan⸸Panutanque.",
    "quote": "Hal terbaik yang bisa Anda lakukan untuk orang lain bukanlah membagikan kekayaan Anda, tetapi membantu dia untuk memiliki kekayaannya sendiri."
  },
  {
    "by": "⸸Ramlan⸸Panutanque.",
    "quote": "Tidak ada jaminan keberhasilan, tetapi tidak berusaha adalah jaminan kegagalan."
  },
  {
    "by": "⸸Ramlan⸸Panutanque.",
    "quote": "Aku tidak tahu kunci sukses itu apa, tapi kunci menuju kegagalan adalah mencoba membuat semua orang senang."
  },
  {
    "by": "⸸Ramlan⸸Panutanque.",
    "quote": "Konsumen yang paling tidak puas adalah sumber berharga untuk belajar."
  },
  {
    "by": "⸸Ramlan⸸Panutanque.",
    "quote": "Kita ada disini bukan untuk saling bersaing. Kita ada disini untuk saling melengkapi."
  },
  {
    "by": "⸸Ramlan⸸Panutanque.",
    "quote": "Semakin kita bersedia bertanggung jawab atas perbuatan-perbuatan kita, semakin banyak kredibilitas yang kita miliki."
  },
  {
    "by": "⸸Ramlan⸸Panutanque.",
    "quote": "Selalu baik untuk memaafkan, tapi yang paling baik adalah melupakan sebuah kesalahan."
  },
  {
    "by": "⸸Ramlan⸸Panutanque.",
    "quote": "Jangan menjadi pohon kaku yang mudah patah. Jadilah bambu yang mampu bertahan melengkung melawan terpaan angin."
  },
  {
    "by": "⸸Ramlan⸸Panutanque.",
    "quote": "Jangan menangis karena kegagalan cinta, sebab manusia akan meninggalkan semua yang dicintainya."
  },
  {
    "by": "⸸Ramlan⸸Panutanque.",
    "quote": "Jika Anda mengadili orang lain, Anda tak punya waktu untuk mencintai mereka."
  },
  {
    "by": "⸸Ramlan⸸Panutanque.",
    "quote": "Jika tidak ada perdamaian, hal itu disebabkan kita telah lupa bahwa kita saling membutuhkan."
  },
  {
    "by": "⸸Ramlan⸸Panutanque.",
    "quote": "Kurang cerdas dapat diperbaiki dengan belajar, kurang cekatan dapat diperbaiki dengan pengalaman, kurang jujur sulit memperbaikinya."
  },
  {
    "by": "⸸Ramlan⸸Panutanque.",
    "quote": "Banyak orang sukses berkat banyaknya kesulitan dan kesukaran yang mesti dihadapi."
  },
  {
    "by": "⸸Ramlan⸸Panutanque.",
    "quote": "Hanya aku yang bisa merubah hidupku, tak ada seorang pun yang dapat melakukannya untukku."
  },
  {
    "by": "⸸Ramlan⸸Panutanque.",
    "quote": "Yang bisa bertahan hidup bukan spesies yang paling kuat. Bukan juga spesies yang paling cerdas. Tapi spesies yang paling responsif terhadap perubahan."
  },
  {
    "by": "⸸Ramlan⸸Panutanque.",
    "quote": "Hidup adalah 10 persen yang terjadi kepada Anda, 90 persen bagaimana cara Anda menyikapinya."
  },
  {
    "by": "⸸Ramlan⸸Panutanque.",
    "quote": "Memperbaiki diri kita adalah memperbaiki dunia."
  },
  {
    "by": "⸸Ramlan⸸Panutanque.",
    "quote": "Jangan membeda-bedakan pekerjaan mana yang baik dan mana yang buruk. Masalah muncul jika kita membeda-bedakan dan memihak sesuatu."
  },
  {
    "by": "⸸Ramlan⸸Panutanque.",
    "quote": "Kita bekerja harus tanpa pamrih. Itu berlaku untuk segala pekerjaan. Pengabdian tanpa syarat adalah yang terbaik."
  },
  {
    "by": "⸸Ramlan⸸Panutanque.",
    "quote": "Kita harus menemukan kekuatan cinta dalam diri kita terlebih dahulu, barulah kita dapat benar-benar mencintai orang lain."
  },
  {
    "by": "⸸Ramlan⸸Panutanque.",
    "quote": "Carilah uang secukupnya saja untuk membiayai kehidupan, agar dapat menyisihkan waktu dan tenaga untuk melatih spiritual."
  },
  {
    "by": "⸸Ramlan⸸Panutanque.",
    "quote": "Harta benda tak membuat seseorang menjadi kaya raya, mereka hanya membuatnya lebih sibuk."
  },
  {
    "by": "⸸Ramlan⸸Panutanque.",
    "quote": "Hati yang penuh syukur, bukan saja merupakan kebajikan terbesar, melainkan induk dari segala kebajikan yang lain."
  },
  {
    "by": "⸸Ramlan⸸Panutanque.",
    "quote": "Hati yang penuh syukur, bukan saja merupakan kebajikan terbesar, melainkan juga induk dari segala kebajikan yang lain."
  },
  {
    "by": "⸸Ramlan⸸Panutanque.",
    "quote": "Kebebasan itu berasal dari manusia, tidak dari undang-undang atau institusi."
  },
  {
    "by": "⸸Ramlan⸸Panutanque.",
    "quote": "Hidup ini benar-benar sederhana, tapi kita malah bersikeras membuatnya menjadi rumit."
  },
  {
    "by": "⸸Ramlan⸸Panutanque.",
    "quote": "Kemana pun Anda pergi, pergilah dengan sepenuh hati."
  },
  {
    "by": "⸸Ramlan⸸Panutanque.",
    "quote": "Orang yang melakukan kesalahan dan tidak memperbaiki kesalahannya, melalakukan kesalahan yang lainnya."
  },
  {
    "by": "⸸Ramlan⸸Panutanque.",
    "quote": "Kebanggaan kita yang terbesar bukan karena tidak pernah gagal, tetapi bangkit kembali setiap kita jatuh."
  },
  {
    "by": "⸸Ramlan⸸Panutanque.",
    "quote": "Bunga yang tidak akan pernah layu dibumi adalah kebajikan."
  },
  {
    "by": "⸸Ramlan⸸Panutanque.",
    "quote": "Untuk membayangkan hal yang tak dapat dibayangkan, dibutuhkan imajinasi yang luar biasa."
  },
  {
    "by": "⸸Ramlan⸸Panutanque.",
    "quote": "Kesulitan apapun tidak tahan terhadap keuletan dan ketekunan. Tanpa keuletan, orang yang paling pintar dan paling berbakat sering gagal dalam hidupnya."
  },
  {
    "by": "⸸Ramlan⸸Panutanque.",
    "quote": "Satu-satunya cara agar kita memperoleh kasih sayang, adalah jangan menuntut agar kita dicintai, tetapi mulailah memberi kasih sayang kepada orang lain tanpa mengharapkan balasan."
  },
  {
    "by": "⸸Ramlan⸸Panutanque.",
    "quote": "Bila orang yang kuatir akan kekurangannya mau mensyukuri kekayaan yang mereka miliki, mereka akan berhenti kuatir."
  },
  {
    "by": "⸸Ramlan⸸Panutanque.",
    "quote": "Usahakan membentuk suatu hubungan \"kawat\" antara otak dan hati Anda."
  },
  {
    "by": "⸸Ramlan⸸Panutanque.",
    "quote": "Senyuman akan membuat kaya jiwa seseorang yang menerimanya, tanpa membuat miskin seseorang yang memberikannya."
  },
  {
    "by": "⸸Ramlan⸸Panutanque.",
    "quote": "Orang jarang sukses kecuali jika mereka senang dengan apa yang dikerjakannya."
  },
  {
    "by": "⸸Ramlan⸸Panutanque.",
    "quote": "Saya akan pergi kemanapun selama itu arahnya ke depan."
  },
  {
    "by": "⸸Ramlan⸸Panutanque.",
    "quote": "Jika Anda punya kemauan untuk menang, Anda sudah mencapai separuh sukses. Jika Anda tidak punya kemauan untuk menang, Anda sudah mencapai separuh kegagalan."
  },
  {
    "by": "⸸Ramlan⸸Panutanque.",
    "quote": "Rahasia menuju hidup kaya adalah mempunyai lebih banyak awal ketimbang akhir."
  },
  {
    "by": "⸸Ramlan⸸Panutanque.",
    "quote": "Kebenaran yang tidak dimengerti akan menjadi kesalahan."
  },
  {
    "by": "⸸Ramlan⸸Panutanque.",
    "quote": "Saya berpikir, karena itu saya ada."
  },
  {
    "by": "⸸Ramlan⸸Panutanque.",
    "quote": "Mental yang lemah lebih parah dari fisik yang lemah."
  },
  {
    "by": "⸸Ramlan⸸Panutanque.",
    "quote": "Satu-satunya sukses yang diraih sebelum bekerja hanyalah ada di kamus saja."
  },
  {
    "by": "⸸Ramlan⸸Panutanque.",
    "quote": "Sahabat terbaik dan musuh terburuk kita adalah pikiran-pikiran kita. Pikiran dapat lebih baik dari seorang dokter atau seorang bankir atau seorang teman kepercayaan. Juga dapat lebih berbahaya dadi penjahat."
  },
  {
    "by": "⸸Ramlan⸸Panutanque.",
    "quote": "Pergilah sejauh Anda bisa memandang, dan ketika Anda tiba disana, Anda akan memandang lebih jauh."
  },
  {
    "by": "⸸Ramlan⸸Panutanque.",
    "quote": "Jika kamu ingin pergi cepat, pergilah sendiri. Jika kamu ingin pergi jauh, pergilah bersama-sama."
  },
  {
    "by": "⸸Ramlan⸸Panutanque.",
    "quote": "Seorang intelektual tidak akan pernah mengatakan lebih daripada apa yang diketahuinya."
  },
  {
    "by": "⸸Ramlan⸸Panutanque.",
    "quote": "Persoalan-persoalan adalah harga yang Anda bayar untuk kemajuan."
  },
  {
    "by": "⸸Ramlan⸸Panutanque.",
    "quote": "Persoalan-persoalan adalah harga yang harus Anda bayar untuk kemajuan."
  },
  {
    "by": "⸸Ramlan⸸Panutanque.",
    "quote": "Hidup manusia penuh dengan bahaya, tetapi disitulah letak daya tariknya."
  },
  {
    "by": "⸸Ramlan⸸Panutanque.",
    "quote": "Anda tidak dapat merencanakan masa yang akan datang berdasarkan masa lalu."
  },
  {
    "by": "⸸Ramlan⸸Panutanque.",
    "quote": "Optimisme yang tidak disertai dengan usaha hanya merupakan pemikiran semata yang tidak menghasilkan buah."
  },
  {
    "by": "⸸Ramlan⸸Panutanque.",
    "quote": "Jika Anda termasuk orang yang senang menunggu datangnya peluang, Anda adalah bagian dari manusia pada umumnya."
  },
  {
    "by": "⸸Ramlan⸸Panutanque.",
    "quote": "Aku menghabiskan usia 30-an untuk memperbaiki segala kesalahanku di usia 20-an."
  },
  {
    "by": "⸸Ramlan⸸Panutanque.",
    "quote": "Berusaha untuk tidak menjadi manusia yang berhasil tapi berusahalah menjadi manusia yang berguna."
  },
  {
    "by": "⸸Ramlan⸸Panutanque.",
    "quote": "Mulai sekarang kita tidak usah membuang-buang waktu barang semenit pun untuk memikirkan orang-orang yang tidak kita sukai."
  },
  {
    "by": "⸸Ramlan⸸Panutanque.",
    "quote": "Ketika kita berhenti membuat kontribusi, kita mulai mati."
  },
  {
    "by": "⸸Ramlan⸸Panutanque.",
    "quote": "Kesalahan terbesar yang dibuat manusia dalam kehidupannya adalah terus-menerus merasa takut bahwa mereka akan melakukan kesalahan."
  },
  {
    "by": "⸸Ramlan⸸Panutanque.",
    "quote": "Janganlah menyebut orang tidak bahagia sebelum dia mati. Jangan menilai pekerjaan seseorang sebelum pekerjaannya berakhir."
  },
  {
    "by": "⸸Ramlan⸸Panutanque.",
    "quote": "Percaya pada diri sendiri adalah rahasia utama mencapai sukses."
  },
  {
    "by": "⸸Ramlan⸸Panutanque.",
    "quote": "Anda harus waspada dengan kesenangan. Pastikan bahwa Anda menikmatinya dan bukan dikendalikannya."
  },
  {
    "by": "⸸Ramlan⸸Panutanque.",
    "quote": "Kehilangan kekayaan masih dapat dicari kembali, kehilangan kepercayaan sulit didapatkan kembali."
  },
  {
    "by": "⸸Ramlan⸸Panutanque.",
    "quote": "Bila tidak mampu menemukan kedamaian dalam diri sendiri, tak ada gunanya mencari di tempat lain."
  },
  {
    "by": "⸸Ramlan⸸Panutanque.",
    "quote": "Kita terbiasa menyembunyikan diri dari orang lain, sampai akhirnya kita sendiri tersembunyi dari diri kita."
  },
  {
    "by": "⸸Ramlan⸸Panutanque.",
    "quote": "Kita lebih sibuk menyakinkan orang lain bahwa kita bahagia ketimbang benar-benar merasakan bahagia itu sendiri."
  },
  {
    "by": "⸸Ramlan⸸Panutanque.",
    "quote": "Anda mungkin ditipu jika terlalu mempercayai, tetapi hidup Anda akan tersiksa jika tidak cukup mempercayai."
  },
  {
    "by": "⸸Ramlan⸸Panutanque.",
    "quote": "Jadilah diri Anda sendiri. Siapa lagi yang bisa melakukannya lebih baik ketimbang diri Anda sendiri?."
  },
  {
    "by": "⸸Ramlan⸸Panutanque.",
    "quote": "Bila Anda ingin dicintai, cintailah dan bersikaplah sebagai orang yang patut dicintai."
  },
  {
    "by": "⸸Ramlan⸸Panutanque.",
    "quote": "Contoh yang baik adalah nasihat terbaik."
  },
  {
    "by": "⸸Ramlan⸸Panutanque.",
    "quote": "Rumput yang paling kuat tumbuhnya terdapat di atas tanah yang paling keras."
  },
  {
    "by": "⸸Ramlan⸸Panutanque.",
    "quote": "Kamu tidak dapat mengajari seseorang apa pun, kamu hanya bisa membantunyanya menemukan apa yang ada dalam dirinya sendiri."
  },
  {
    "by": "⸸Ramlan⸸Panutanque.",
    "quote": "Mereka yang berjiwa lemah tak akan mampu memberi seuntai maaf tulus. Pemaaf sejati hanya melekat bagi mereka yang berjiwa tangguh."
  },
  {
    "by": "⸸Ramlan⸸Panutanque.",
    "quote": "Kebahagiaan tergantung pada apa yang dapat Anda berikan, bukan pada apa yang Anda peroleh."
  },
  {
    "by": "⸸Ramlan⸸Panutanque.",
    "quote": "Tak ada rahasia untuk menggapai sukses. Sukses itu dapat terjadi karena persiapan, kerja keras dan mau belajar dari kegagalan."
  },
  {
    "by": "⸸Ramlan⸸Panutanque.",
    "quote": "Hidup bukanlah tentang menemukan dirimu sendiri. Hidup adalah tentang menciptakan dirimu sendiri."
  },
  {
    "by": "⸸Ramlan⸸Panutanque.",
    "quote": "Saya lebih baik kehilangan mahkota daripada melakukan tindakan yang menurut saya memalukan."
  },
  {
    "by": "⸸Ramlan⸸Panutanque.",
    "quote": "Tidak ada obat untuk kelahiran dan kematian, kecuali menikmati yang ada di antara keduanya."
  },
  {
    "by": "⸸Ramlan⸸Panutanque.",
    "quote": "Harapan tak pernah meninggalkan kita, kita yang meninggalkan harapan."
  },
  {
    "by": "⸸Ramlan⸸Panutanque.",
    "quote": "Agar bisa menjadi cukup cerdas untuk meraih semua uang yang diinginkan, kita harus cukup bodoh untuk menginginkannya."
  },
  {
    "by": "⸸Ramlan⸸Panutanque.",
    "quote": "Semua pengetahuan yang kumiliki bisa orang lain peroleh, tapi hatiku hanyalah untuk diriku sendiri."
  },
  {
    "by": "⸸Ramlan⸸Panutanque.",
    "quote": "Betapapun tingginya burung terbang, toh dia harus mencari dan mendapatkan makanannya di bumi juga."
  },
  {
    "by": "⸸Ramlan⸸Panutanque.",
    "quote": "Tetapkan apa yang Anda inginkan. Putuskan Anda ingin menukarnya dengan apa. Tentukan prioritas dan laksanakan."
  },
  {
    "by": "⸸Ramlan⸸Panutanque.",
    "quote": "Melihat pohon, saya jadi mengerti tentang kesabaran. Memandang rumput, saya jadi menghargai ketekunan."
  },
  {
    "by": "⸸Ramlan⸸Panutanque.",
    "quote": "Kecantikan yang abadi terletak pada keelokan adab dan ketinggian ilmu seseorang, bukan terletak pada wajah dan pakaiannya."
  },
  {
    "by": "⸸Ramlan⸸Panutanque.",
    "quote": "Kita harus yakin bahwa apa yang ditentukan oleh Tuhan untuk kita, itulah yang terbaik."
  },
  {
    "by": "⸸Ramlan⸸Panutanque.",
    "quote": "Berani menegakkan keadilan, walaupun mengenai diri sendiri, adalah puncak segala keberanian."
  },
  {
    "by": "⸸Ramlan⸸Panutanque.",
    "quote": "Hawa nafsu membawa kesesatan dan tidak berpedoman. Sementara akal menjadi pedoman menuju keutamaan. Hawa nafsu menyuruhmu berangan-angan, tetapi akal menyuruhmu menimbang."
  },
  {
    "by": "⸸Ramlan⸸Panutanque.",
    "quote": "Berusaha berhasil untuk memotivasi dirimu, tapi berusaha untuk selalu sempurna akan membuat tertekan."
  },
  {
    "by": "⸸Ramlan⸸Panutanque.",
    "quote": "Kita tidak akan belajar berani dan sabar jika di dunia ini hanya ada kegembiraan."
  },
  {
    "by": "⸸Ramlan⸸Panutanque.",
    "quote": "Kegagalan hanyalah kesempatan untuk memulai lagi dengan lebih pandai."
  },
  {
    "by": "⸸Ramlan⸸Panutanque.",
    "quote": "Kebaikan adalah satu-satunya investasi yang tidak akan merugikan."
  },
  {
    "by": "⸸Ramlan⸸Panutanque.",
    "quote": "Idealis adalah orang yang membantu orang lain untuk makmur."
  },
  {
    "by": "⸸Ramlan⸸Panutanque.",
    "quote": "Berpikir itu adalah pekerjaan yang berat di antara segala jenis pekerjaan. Itulah sebabnya sedikit sekali orang yang senang melakukannya."
  },
  {
    "by": "⸸Ramlan⸸Panutanque.",
    "quote": "Persaingan yang tujuannya hanya untuk bersaing, untuk mengalahkan orang lain, tak pernah mendatangkan banyak manfaat."
  },
  {
    "by": "⸸Ramlan⸸Panutanque.",
    "quote": "Kehidupan orang-orang besar mengingatkan kita bahwa kita bisa membuat kehidupan kita luhur."
  },
  {
    "by": "⸸Ramlan⸸Panutanque.",
    "quote": "Hidupku menjadi hiburanku dan tak hentinya memberikan kejutan. Hidupku bagaikan drama dengan begitu banyak babak tanpa adegan penutup."
  },
  {
    "by": "⸸Ramlan⸸Panutanque.",
    "quote": "Apa yang Anda lihat adalah apa yang Anda capai."
  },
  {
    "by": "⸸Ramlan⸸Panutanque.",
    "quote": "Kebahagiaan terletak pada kemenangan memerangi hawa nafsu dan menahan keinginan yang berlebih-lebihan."
  },
  {
    "by": "⸸Ramlan⸸Panutanque.",
    "quote": "Caci maki dari seorang penjahat merupakan kehormatan bagi seorang yang jujur."
  },
  {
    "by": "⸸Ramlan⸸Panutanque.",
    "quote": "Orang yang terlalu banyak merenung akan meraih sedikit."
  },
  {
    "by": "⸸Ramlan⸸Panutanque.",
    "quote": "Jangan gunakan orang-orang untuk membangun pekerjaan besar, gunakan pekerjaan Anda untuk membangun orang-orang besar."
  },
  {
    "by": "⸸Ramlan⸸Panutanque.",
    "quote": "Kesalahaan terbesar yang mungkin Anda buat adalah mempercayai bahwa Anda bekerja untuk orang lain."
  },
  {
    "by": "⸸Ramlan⸸Panutanque.",
    "quote": "Kepengecutan yang paling besar adalah ketika kita membuktikan kekuatan kita kepada kelemanan orang lain."
  },
  {
    "by": "⸸Ramlan⸸Panutanque.",
    "quote": "Jangan lihat masa lalu dengan penyesalan, jangan pula lihat masa depan dengan ketakutan, tapi lihatlah sekitar Anda dengan penuh kesadaran."
  },
  {
    "by": "⸸Ramlan⸸Panutanque.",
    "quote": "Jangan menunggu keadaan yang ideal. Jangan juga menunggu peluang-peluang terbaik. Keduanya tak akan pernah datang."
  },
  {
    "by": "⸸Ramlan⸸Panutanque.",
    "quote": "Kebanyakan orang sukses yang saya kenal bukan orang yang sibuk, mereka orang yang focus."
  },
  {
    "by": "⸸Ramlan⸸Panutanque.",
    "quote": "Anda tidak dapat melakukan banyak hal di hidup Anda, jika Anda hanya bekerja di hari-hari yang Anda rasakan baik."
  },
  {
    "by": "⸸Ramlan⸸Panutanque.",
    "quote": "Tembok yang kita bangun untuk menghambat kesedihan, juga membuat kita tertutup dari kebahagiaan."
  },
  {
    "by": "⸸Ramlan⸸Panutanque.",
    "quote": "Jika Anda tidak merancang hidup Anda sendiri, kemungkinan Anda akan menjalani rencana orang lain. Apa yang mereka rencanakan untuk Anda? Tidak banyak."
  },
  {
    "by": "⸸Ramlan⸸Panutanque.",
    "quote": "Motivasi adalah sesuatu yang membuat Anda memulai. Kebiasaan adalah sesuatu yang membuat Anda melanjutkan."
  },
  {
    "by": "⸸Ramlan⸸Panutanque.",
    "quote": "Ketika kekuatan akan cinta melebihi kecintaan akan kekuasaan, maka dunia pun menemukan kedamaian."
  },
  {
    "by": "⸸Ramlan⸸Panutanque.",
    "quote": "Aku tak bisa merubah arah angin, tapi aku bisa menyesuaikan layarku untuk tetap bisa mencapai tujuanku."
  },
  {
    "by": "⸸Ramlan⸸Panutanque.",
    "quote": "Kita tak bisa memilih bagaimana kita meninggal atau kapan. Kita hanya bisa memutuskan bagaimana kita hidup. Sekarang."
  },
  {
    "by": "⸸Ramlan⸸Panutanque.",
    "quote": "Jika Anda ingin sukses, Anda harus menciptakan peluang untuk diri sendiri."
  },
  {
    "by": "⸸Ramlan⸸Panutanque.",
    "quote": "Bekerja keras sekarang, merasakan hasilnya nanti; bermalas-malasan sekarang, merasakan akibatnya nanti."
  },
  {
    "by": "⸸Ramlan⸸Panutanque.",
    "quote": "Untuk menangani diri Anda sendiri, gunakan kepala Anda. Untuk menangani orang lain, gunakan hati Anda."
  },
  {
    "by": "⸸Ramlan⸸Panutanque.",
    "quote": "Bekerja keras sekarang, merasakannya nanti. Bermalas-malas sekarang, merasakan akibatnya nanti."
  },
  {
    "by": "⸸Ramlan⸸Panutanque.",
    "quote": "Tidak peduli seberapa banyak yang dapat Anda lakukan, tidak peduli seberapa menarik hati kepribadian Anda, Anda tidak dapat melangkah jauh jika Anda tidak dapat bekerja bersama orang lain."
  },
  {
    "by": "⸸Ramlan⸸Panutanque.",
    "quote": "Orang termiskin adalah orang yang tidak mempunyai apa-apa kecuali uang."
  },
  {
    "by": "⸸Ramlan⸸Panutanque.",
    "quote": "Jika kita melayani, maka hidup akan lebih berarti."
  },
  {
    "by": "⸸Ramlan⸸Panutanque.",
    "quote": "Sebenarnya semua kesulitan merupakan kesempatan bagi jiwa yang tumbuh."
  },
  {
    "by": "⸸Ramlan⸸Panutanque.",
    "quote": "Anda dilahirkan orisinal, jadi tidak perlu setengah mati meniru orang lain."
  },
  {
    "by": "⸸Ramlan⸸Panutanque.",
    "quote": "Seberapa jauh Anda gagal, tidak masalah, tetapi yang penting seberapa sering Anda bangkit kembali."
  },
  {
    "by": "⸸Ramlan⸸Panutanque.",
    "quote": "Jika tindakan-tindakan Anda mengilhami orang lain untuk bermimpi lebih, belajar lebih, bekerja lebih, dan menjadi lebih baik, Anda adalah seorang pemimpin."
  },
  {
    "by": "⸸Ramlan⸸Panutanque.",
    "quote": "Saya yakin, ujian pertama bagi orang besar ialah kerendahan hati."
  },
  {
    "by": "⸸Ramlan⸸Panutanque.",
    "quote": "Penghargaan tertinggi untuk kerja keras seseorang bukanlah apa yang ia hasilkan, tapi bagaimana ia berkembang karenanya."
  },
  {
    "by": "⸸Ramlan⸸Panutanque.",
    "quote": "Penghargaan tertinggi untuk kerja keras seseorang bukanlah apa yang ia hasilkan, tetapi bagaimana ia berkembang karenanya."
  },
  {
    "by": "⸸Ramlan⸸Panutanque.",
    "quote": "Perbuatan-perbuatan salah adalah biasa bagi manusia, tetapi perbuatan pura-pura itulah sebenarnya yang menimbulkan permusuhan dan pengkhianatan."
  },
  {
    "by": "⸸Ramlan⸸Panutanque.",
    "quote": "Rahmat sering datang kepada kita dalam bentuk kesakitan, kehilangan dan kekecewaan; tetapi kalau kita sabar, kita segera akan melihat bentuk aslinya."
  },
  {
    "by": "⸸Ramlan⸸Panutanque.",
    "quote": "Cinta sejati tidak datang kepadamu, tetapi harus datang dari dalam dirimu."
  },
  {
    "by": "⸸Ramlan⸸Panutanque.",
    "quote": "Integritas seseorang diukur dengan tingkah lakunya bukan profesinya."
  },
  {
    "by": "⸸Ramlan⸸Panutanque.",
    "quote": "Kita berdoa kalau kesusahan dan membutuhkan sesuatu, mestinya kita juga berdoa dalam kegembiraan besar dan saat rezeki melimpah."
  },
  {
    "by": "⸸Ramlan⸸Panutanque.",
    "quote": "Untuk memahami hati dan pikiran seseorang, jangan lihat apa yang sudah dia capai, tapi lihat apa yang dia cita-citakan."
  },
  {
    "by": "⸸Ramlan⸸Panutanque.",
    "quote": "Kadang kala, justru keputusan kecil yang akan mampu merubah hidup kita selamanya."
  },
  {
    "by": "⸸Ramlan⸸Panutanque.",
    "quote": "Apabila perjalanan menjadi sulit, orang ulet akan berjalan terus."
  },
  {
    "by": "⸸Ramlan⸸Panutanque.",
    "quote": "Orang yang berbudi tinggi selalu berpedoman pada keadilan dan selalu berusaha menjalankan kewajiban."
  },
  {
    "by": "⸸Ramlan⸸Panutanque.",
    "quote": "Kita semua hidup di bawah langit yang sama, tetapi tidak semua orang punya cakrawala yang sama."
  },
  {
    "by": "⸸Ramlan⸸Panutanque.",
    "quote": "Ia yang bijak akan merasa malu, jika kata-katanya lebih baik daripada tindakannya."
  },
  {
    "by": "⸸Ramlan⸸Panutanque.",
    "quote": "Saat sadar bahwa kau tidak kekurangan suatu apa pun, seisi dunia menjadi milikku."
  },
  {
    "by": "⸸Ramlan⸸Panutanque.",
    "quote": "Saat sadar bahwa kau tidak kekurangan suatu apa pun, seisi dunia menjadi milikmu."
  },
  {
    "by": "⸸Ramlan⸸Panutanque.",
    "quote": "Terima tanggung jawab untuk diri Anda sendiri. Sadari bahwa hanya Anda sendiri, bukan orang lain, yang bisa membuat Anda pergi ke tempat yang Anda inginkan."
  },
  {
    "by": "⸸Ramlan⸸Panutanque.",
    "quote": "Meski yang kita hadapi adalah jalan buntu, namun cinta akan membangun jalan layang di atasnya."
  },
  {
    "by": "⸸Ramlan⸸Panutanque.",
    "quote": "Tahukah Anda rahasia sukses saya dalam mencapai tujuan? Cuma keuletan, tak lebih dan tak kurang."
  },
  {
    "by": "⸸Ramlan⸸Panutanque.",
    "quote": "Kepuasan terletak pada usaha, bukan pada hasil. Berusaha dengan keras adalah kemenangan yang hakiki."
  },
  {
    "by": "⸸Ramlan⸸Panutanque.",
    "quote": "Kerendahan hati merupakan ruang tunggu bagi kesempurnaan."
  },
  {
    "by": "⸸Ramlan⸸Panutanque.",
    "quote": "Saya belajar banyak dari kekalahan. Dan kekalahan-kekalahan itu, membuat saya semakin tabah."
  },
  {
    "by": "⸸Ramlan⸸Panutanque.",
    "quote": "Buatlah usaha Anda berhasil dengan satu-satunya cara: kerja keras!."
  },
  {
    "by": "⸸Ramlan⸸Panutanque.",
    "quote": "Kebaikan adalah bahasa yang dapat didengar si tuli dan bisa dilihat si buta."
  },
  {
    "by": "⸸Ramlan⸸Panutanque.",
    "quote": "Lakukan apa yang Anda senangi, uang akan mengikuti."
  },
  {
    "by": "⸸Ramlan⸸Panutanque.",
    "quote": "Tak ada waktu yang tidak tepat untuk melakukan sesuatu yang benar."
  },
  {
    "by": "⸸Ramlan⸸Panutanque.",
    "quote": "Kendatipun Anda berada di jalur yang tepat, Anda akan tetap terkejar jika hanya duduk-duduk saja disana."
  },
  {
    "by": "⸸Ramlan⸸Panutanque.",
    "quote": "Kebahagiaan selalu tampak kecil saat berada dalam genggaman. Tapi coba lepaskan dan Anda akan langsung tahu, betapa besar dan berhargannya kebahagiaan."
  },
  {
    "by": "⸸Ramlan⸸Panutanque.",
    "quote": "Latih diri Anda untuk tidak khawatir. Kekhawatiran tak pernah memperbaiki apa-apa."
  },
  {
    "by": "⸸Ramlan⸸Panutanque.",
    "quote": "Kematangan bukanlah suatu keadaan yang dicapai dengan usia. Dia merupakan perkembangan dari cinta, belajar, membaca dan berpikir hingga menghasilkan kemampuan."
  },
  {
    "by": "⸸Ramlan⸸Panutanque.",
    "quote": "Anda berhenti tertawa bukan karena bertambah tua. Sebaliknya Anda bertambah tua justru karena berhenti tertawa."
  },
  {
    "by": "⸸Ramlan⸸Panutanque.",
    "quote": "Pepatah adalah kalimat singkat berdasarkan pengalaman panjang."
  },
  {
    "by": "⸸Ramlan⸸Panutanque.",
    "quote": "Tidak dicintai orang lain memang menyedihkan, tapi lebih menyedihkan lagi kalau tidak bisa mencintai orang lain."
  },
  {
    "by": "⸸Ramlan⸸Panutanque.",
    "quote": "Kemiskinan jiwa lebih mengerikan daripada kemiskinan jasmani atau materi."
  },
  {
    "by": "⸸Ramlan⸸Panutanque.",
    "quote": "Anda belum bisa dibilang kaya sampai Anda memiliki sesuatu yang tidak dapat dibeli uang."
  },
  {
    "by": "⸸Ramlan⸸Panutanque.",
    "quote": "Pendidikan adalah senjata paling ampuh dimana kau dapat menggunakannya untuk merubah dunia."
  },
  {
    "by": "⸸Ramlan⸸Panutanque.",
    "quote": "Campakanlah jauh-jauh pikiran murung dan kesal itu, lalu bangkitkanlah."
  },
  {
    "by": "⸸Ramlan⸸Panutanque.",
    "quote": "Bukanlah yang kuat, tetapi yang uletlah yang menjadikan mereka manusia yang besar."
  },
  {
    "by": "⸸Ramlan⸸Panutanque.",
    "quote": "Kemajuan adalah hasil dari memusatkan seluruh kekuatan jiwa dan pikiran pada cita-cita yang dituju."
  },
  {
    "by": "⸸Ramlan⸸Panutanque.",
    "quote": "Semakin lama kita hidup, semakin kita menemukan bahwa kita mirip dengan orang lain."
  },
  {
    "by": "⸸Ramlan⸸Panutanque.",
    "quote": "Melakukan yang terbaik pada saat ini akan menempatkan Anda ke tempat terbaik pada saat berikutnya."
  },
  {
    "by": "⸸Ramlan⸸Panutanque.",
    "quote": "Jika seseorang menyatakan kebenaran, dia yakin; cepat atau lambat; akan mendapatkannya."
  },
  {
    "by": "⸸Ramlan⸸Panutanque.",
    "quote": "Bila semangat Anda menurun, lakukanlah sesuatu. Kalau Anda telah melakukan sesuatu keadaan tidak berubah, lakukanlah sesuatu yang berbeda."
  },
  {
    "by": "⸸Ramlan⸸Panutanque.",
    "quote": "Jangan takut dengan kesalahan. Kebijaksanaan biasanya lahir dari kesalahan."
  },
  {
    "by": "⸸Ramlan⸸Panutanque.",
    "quote": "Saya tidak pernah melihat suatu monumen didirikan bagi orang pesimis."
  },
  {
    "by": "⸸Ramlan⸸Panutanque.",
    "quote": "Beranilah menyadari kesalahan dan mulai lagi."
  },
  {
    "by": "⸸Ramlan⸸Panutanque.",
    "quote": "Benar jadi berani."
  },
  {
    "by": "⸸Ramlan⸸Panutanque.",
    "quote": "Orang yang bertanya, bodoh dalam 5 menit. Dan orang yang tidak bertanya akan tetap bodoh untuk selamanya."
  },
  {
    "by": "⸸Ramlan⸸Panutanque.",
    "quote": "Bila saya mendengar, saya akan lupa. Setelah melihat saya bisa mengerti. Dan setelah mengerjakan, barulah saya bisa memahami."
  },
  {
    "by": "⸸Ramlan⸸Panutanque.",
    "quote": "Orang yang tersenyum selalu lebih kuat dari orang yang marah."
  },
  {
    "by": "⸸Ramlan⸸Panutanque.",
    "quote": "Orang yang memindahkan gunung memulai dengan memindahkan batu-batu kecil."
  },
  {
    "by": "⸸Ramlan⸸Panutanque.",
    "quote": "Orang yang mencari masalah akan selalu mendapatkannya."
  },
  {
    "by": "⸸Ramlan⸸Panutanque.",
    "quote": "Keterampilan dan keyakinan merupakan pasukan bersenjata yang tidak dapat dikalahkan."
  },
  {
    "by": "⸸Ramlan⸸Panutanque.",
    "quote": "Sebatang anak panah mudah dipatahkan, tetapi tidak demikian dengan sepuluh anak panah yang disatukan."
  },
  {
    "by": "⸸Ramlan⸸Panutanque.",
    "quote": "Visi tanpa aksi adalah mimpi di siang bolong. Aksi tanpa visi adalah mimpi buruk."
  },
  {
    "by": "⸸Ramlan⸸Panutanque.",
    "quote": "Orang yang tak pernah mencicipi pahit tak akan tahu apa itu manis."
  },
  {
    "by": "⸸Ramlan⸸Panutanque.",
    "quote": "Dengan belajar Anda bisa mengajar. Dengan mengajar, Anda belajar."
  },
  {
    "by": "⸸Ramlan⸸Panutanque.",
    "quote": "Saya menangis karena tak punya sepatu, sampai saya melihat orang tak punya kaki."
  },
  {
    "by": "⸸Ramlan⸸Panutanque.",
    "quote": "Kesengsaraan menghasilkan ketekunan. Ketekunan menghasilkan watak, dan watak menghasilkan harapan."
  },
  {
    "by": "⸸Ramlan⸸Panutanque.",
    "quote": "Bila kemauan siap, kaki menjadi ringan."
  },
  {
    "by": "⸸Ramlan⸸Panutanque.",
    "quote": "Mengenal diri sendiri adalah awal dari perbaikan diri."
  },
  {
    "by": "⸸Ramlan⸸Panutanque.",
    "quote": "Jangan meremehkan raja yang picik, seperti halnya jangan meremehkan sungai yang kecil."
  },
  {
    "by": "⸸Ramlan⸸Panutanque.",
    "quote": "Apabila seseorang mengajarkan sesuatu, dia sendiri harus melaksanakan ajaran itu."
  },
  {
    "by": "⸸Ramlan⸸Panutanque.",
    "quote": "Kehidupan yang hebat adalah kulminasi dari pemikiran-pemikiran hebat disertai dengan tindakan-tindakan hebat."
  },
  {
    "by": "⸸Ramlan⸸Panutanque.",
    "quote": "Ada dua cara mengatasi kesulitan, Anda mengubah kesulitan-kesulitan atau Anda mengubah diri sendiri untuk mengatasinya."
  },
  {
    "by": "⸸Ramlan⸸Panutanque.",
    "quote": "Orang bijak berbicara karena mereka mempunyai sesuatu untuk dikatakan, orang bodoh berbicara karena mereka ingin mengatakan sesuatu."
  },
  {
    "by": "⸸Ramlan⸸Panutanque.",
    "quote": "Orang bijak berbicara karena ia memiliki sesuatu untuk dikatakan. Orang bodoh berbicara karena ia atau dia harus mengatakan sesuatu."
  },
  {
    "by": "⸸Ramlan⸸Panutanque.",
    "quote": "Berbuat tidak adil lebih memalukan daripada menderita ketidakadilan."
  },
  {
    "by": "⸸Ramlan⸸Panutanque.",
    "quote": "Siapa yang tidak bisa memimpin dirinya sendiri, tidak akan bisa memimpin orang."
  },
  {
    "by": "⸸Ramlan⸸Panutanque.",
    "quote": "Kesabaran adalah obat terbaik untuk semua masalah."
  },
  {
    "by": "⸸Ramlan⸸Panutanque.",
    "quote": "Jauh lebih mudah memulai secara baik daripada mengakhiri secara baik."
  },
  {
    "by": "⸸Ramlan⸸Panutanque.",
    "quote": "Harapan adalah tiang yang menyangga dunia."
  },
  {
    "by": "⸸Ramlan⸸Panutanque.",
    "quote": "Kemenangan gemilang tidak diperoleh dari medan pertempuran saja, tetapi sering diperoleh dari hati."
  },
  {
    "by": "⸸Ramlan⸸Panutanque.",
    "quote": "kita jatuh untuk bangun, berhenti untuk berjalan, dan tidur untuk bangun."
  },
  {
    "by": "⸸Ramlan⸸Panutanque.",
    "quote": "Kamu harus menghadapi depresi, sama seperti kamu menghadapi seekor harimau."
  },
  {
    "by": "⸸Ramlan⸸Panutanque.",
    "quote": "Jika Anda mempekerjakan orang-orang yang lebih pintar dari Anda, Anda membuktikan Anda lebih pintar dari mereka."
  },
  {
    "by": "⸸Riyan⸸Panutanque.",
    "quote": "Kebahagiaan bukanlah memiliki apa yang kita inginkan, melainkan menginginkan apa yang kita miliki."
  },
  {
    "by": "⸸Ramlan⸸Panutanque.",
    "quote": "Satu ons aksi jauh lebih berharga daripada satu ton teori."
  },
  {
    "by": "⸸Ramlan⸸Panutanque.",
    "quote": "Seseorang itu sukses besar jika dia sadar, kegagalan-kegagalannya adalah persiapan untuk kemenangan-kemenangannya."
  },
  {
    "by": "⸸Ramlan⸸Panutanque.",
    "quote": "Kedamaian tidak terdapat di dunia luar, melainkan terdapat dalam jiwa manusia itu sendiri."
  },
  {
    "by": "⸸Ramlan⸸Panutanque.",
    "quote": "Percayalah kepada orang lain, dan mereka akan tulus kepada Anda. Perlakukan mereka seperti orang besar dan mereka akan memperlihatkan dirinya sebagai orang besar."
  },
  {
    "by": "⸸Ramlan⸸Panutanque.",
    "quote": "Tidak cukup hanya punya otak yang baik. Yang penting adalah menggunakannya secara baik."
  },
  {
    "by": "⸸Ramlan⸸Panutanque.",
    "quote": "Tanyakan pada diri sendiri rahasia sukses. Dengarkan jawaban Anda, dan lakukan."
  },
  {
    "by": "⸸Ramlan⸸Panutanque.",
    "quote": "Jika rumput tetangga lebih hijau, bersyukurlah Anda masih bisa berpijak di tanah untuk melihatnya."
  },
  {
    "by": "⸸Ramlan⸸Panutanque.",
    "quote": "Kesempatan Anda untuk sukses di setiap kondisi selalu dapat diukur oleh seberapa besar kepercayaan Anda pada diri sendiri."
  },
  {
    "by": "⸸Ramlan⸸Panutanque.",
    "quote": "Kemajuan merupakan kata-kata merdu, tetapi perubahanlah penggerakknya dan perubahan mempunyai banyak musuh."
  },
  {
    "by": "⸸Ramlan⸸Panutanque.",
    "quote": "Dua jalan dipisahkan pohon, dan saya mengambil jalan yang jarang ditempuh orang. Dan itulah yang membuat perubahan."
  },
  {
    "by": "⸸Ramlan⸸Panutanque.",
    "quote": "Alasan mengapa kecemasan membunuh lebih banyak orang dibanding kerja adalah, lebih banyak orang cemas dibanding bekerja."
  },
  {
    "by": "⸸Ramlan⸸Panutanque.",
    "quote": "Sedikit orang kaya yang memiliki harta. Kebanyakan harta yang memiliki mereka."
  },
  {
    "by": "⸸Ramlan⸸Panutanque.",
    "quote": "Ketekunan bisa membuat yang tidak mungkin jadi mungkin, membuat kemungkinan jadi kemungkinan besar, dan kemungkinan besar menjadi pasti."
  },
  {
    "by": "⸸Ramlan⸸Panutanque.",
    "quote": "Hanya ikan yang bodoh yang bisa dua kali kena pancing dengan umpan yang sama."
  },
  {
    "by": "⸸Ramlan⸸Panutanque.",
    "quote": "Ambisi seperti air laut, semakin banyak orang meminumnya semakin orang menjadi haus."
  },
  {
    "by": "⸸Ramlan⸸Panutanque.",
    "quote": "Cemas dan ketakutan adalah akibat kebodohan dan keraguan."
  },
  {
    "by": "⸸Ramlan⸸Panutanque.",
    "quote": "Pahlawan adalah seseorang yang melakukan apa yang mampu dia lakukan."
  },
  {
    "by": "⸸Ramlan⸸Panutanque.",
    "quote": "Jika Anda ingin menjadi orang besar, janganlah suka beromong besar, kerjakanlah hal-hal yang kecil dahulu."
  },
  {
    "by": "⸸Ramlan⸸Panutanque.",
    "quote": "Satu-satunya cara untuk mengubah hidup kita adalah dengan mengubah pikiran kita."
  },
  {
    "by": "⸸Ramlan⸸Panutanque.",
    "quote": "Perubahan terjadi ketika seseorang menjadi dirinya sendiri, bukan ketika ia mencoba menjadi orang lain."
  },
  {
    "by": "⸸Ramlan⸸Panutanque.",
    "quote": "Perbaiki diri Anda, tetapi jangan jatuhkan orang lain."
  },
  {
    "by": "⸸Ramlan⸸Panutanque.",
    "quote": "Cara tercepat untuk menuntaskan banyak hal adalah dengan menyelesaikannya satu demi satu."
  },
  {
    "by": "⸸Ramlan⸸Panutanque.",
    "quote": "Dua hal yang harus dilupakan, kebaikan yang telah kita lakukan kepada orang lain dan kesalahan orang lain kepada kita."
  },
  {
    "by": "⸸Ramlan⸸Panutanque.",
    "quote": "Ingatlah, jika Anda menutup mulut sebenarnya Anda telah melakukan pilihan."
  },
  {
    "by": "⸸Ramlan⸸Panutanque.",
    "quote": "Hati manusia tidak akan pernah tenteram sebelum berdamai dengan diri sendiri."
  },
  {
    "by": "⸸Ramlan⸸Panutanque.",
    "quote": "Hidup berarti berjuang. Hidup nikmat tanpa badai topan adalah laksana laut yang mati."
  },
  {
    "by": "⸸Ramlan⸸Panutanque.",
    "quote": "Kesedihan hanya bisa ditanggulangi oleh orang yang mengalaminya sendiri."
  },
  {
    "by": "⸸Ramlan⸸Panutanque.",
    "quote": "Beranikan diri untuk menjadi dirimu sendiri, karena kita bisa melakukan hal itu lebih baik daripada orang lain."
  },
  {
    "by": "⸸Ramlan⸸Panutanque.",
    "quote": "Lebih baik diasingkan daripada menyerah kepada kemunafikan."
  },
  {
    "by": "⸸Ramlan⸸Panutanque.",
    "quote": "Langkah pertama untuk memilih keyakinan pada diri sendiri adalah mengenal diri kita sendiri."
  },
  {
    "by": "⸸Ramlan⸸Panutanque.",
    "quote": "Bila seseorang kehilangan segala sumber kebahagiaan, dia tidak lagi hidup, tapi mayat yang bernafas."
  },
  {
    "by": "⸸Ramlan⸸Panutanque.",
    "quote": "Baik, lebih baik, terbaik. Jangan pernah berhenti sampai baik menjadi lebih baik, dan lebih baik menjadi terbaik."
  },
  {
    "by": "⸸Ramlan⸸Panutanque.",
    "quote": "Motivasi adalah api dari dalam. Jika orang lain mencoba menyalakannya untuk Anda, kemungkinan apinya hanya menyala sebentar."
  },
  {
    "by": "⸸Ramlan⸸Panutanque.",
    "quote": "Saya bangga, baik pada hal yang tidak kami lakukan maupun pada hal yang kami lakukan."
  },
  {
    "by": "⸸Ramlan⸸Panutanque.",
    "quote": "Cinta tak perlu pengorbanan. Pada saat kau merasa berkorban, pada saat itu cintamu mulai pudar."
  },
  {
    "by": "⸸Ramlan⸸Panutanque.",
    "quote": "Ancaman nyata sebenarnya bukan pada saat komputer mulai bisa berpikir seperti manusia, tetapi ketika manusia mulai berpikir seperti komputer."
  },
  {
    "by": "⸸Ramlan⸸Panutanque.",
    "quote": "Lakukan apa yang dapat Anda lakukan dengan apa yang Anda miliki dan tempat Anda berada."
  },
  {
    "by": "⸸Ramlan⸸Panutanque.",
    "quote": "Banyak kegagalan dalam ini dikarenakan orang-orang tidak menyadari betapa dekatnya mereka dengan keberhasilan saat mereka menyerah."
  },
  {
    "by": "⸸Riyan⸸Panutanque.",
    "quote": "Pergilah sejauh mungkin yang bisa Anda lihat dan Anda akan bisa melihat lebih jauh."
  },
  {
    "by": "⸸Riyan⸸Panutanque.",
    "quote": "Orang yang tidak bisa memaafkan orang lain sama saja dengan orang yang memutuskan jembatan yang harus dilaluinya, karena semua orang perlu dimaafkan."
  },
  {
    "by": "⸸Riyan⸸Panutanque.",
    "quote": "Menyaksikan adalah mempercayai, tapi merasakan adalah kebenaran."
  },
  {
    "by": "⸸Ramlan⸸Panutanque.",
    "quote": "Dalam hal prinsip, usahakan kukuh seperti batu karang. Dalam hal selera, coba berenang mengikuti arus."
  },
  {
    "by": "⸸Ramlan⸸Panutanque.",
    "quote": "Setiap badai pasti berlalu dan saya akan tumbuh semakin kuat."
  },
  {
    "by": "⸸Ramlan⸸Panutanque.",
    "quote": "Setelah kehilangan segalanya, barulah kita bebas melakukan apa saja."
  },
  {
    "by": "⸸Ramlan⸸Panutanque.",
    "quote": "Raihlah ilmu dan untuk meraih ilmu belajarlah untuk tenang dan sabar."
  },
  {
    "by": "⸸Ramlan⸸Panutanque.",
    "quote": "Hiduplah seperti lilin yang menerangi orang lain. Jangan hidup seperti duri yang mencucuk diri dan menyakiti orang lain."
  },
  {
    "by": "⸸Ramlan⸸Panutanque.",
    "quote": "Kesedihan adalah buah. Tuhan tak pernah membiarkannya tumbuh dicabang yang terlalu lemah untuk menanggungnya."
  },
  {
    "by": "⸸Ramlan⸸Panutanque.",
    "quote": "Kebahagian tertinggi dalam kehidupan adalah kepastian bahwa Anda dicintai apa adanya, atau lebih tepatnya dicintai walaupun Anda seperti diri Anda adanya."
  },
  {
    "by": "⸸Ramlan⸸Panutanque.",
    "quote": "Masalahnya bukan kurangnya tenaga, tetapi kurangnya daya kemauan."
  },
  {
    "by": "⸸Ramlan⸸Panutanque.",
    "quote": "Kemenangan bukanlah segala-galanya, tetapi perjuangan untuk menang adalah segala-galanya."
  },
  {
    "by": "⸸Ramlan⸸Panutanque.",
    "quote": "Jika Anda tak bisa mengatakan hal yang benar dari diri Anda, maka Anda pun tak bisa mengatakan hal yang benar dari orang lain."
  },
  {
    "by": "⸸Ramlan⸸Panutanque.",
    "quote": "Burung yang terbang pagi akan memperoleh cacing paling banyak."
  },
  {
    "by": "⸸Ramlan⸸Panutanque.",
    "quote": "Cara untuk memulai adalah berhenti berbicara dan mulai lakukan sesuatu."
  },
  {
    "by": "⸸Ramlan⸸Panutanque.",
    "quote": "Sukses akan lebih permanen jika Anda meraihnya tanpa menghancurkan prinsip-prinsip Anda."
  },
  {
    "by": "⸸Ramlan⸸Panutanque.",
    "quote": "Dari dulu saya selalu yakin saya akan kaya. Saya kira saya tak pernah meragukannya, satu menit pun."
  },
  {
    "by": "⸸Ramlan⸸Panutanque.",
    "quote": "Lebih baik menyiapkan diri untuk sebuah peluang dan tidak mendapatkannya daripada punya peluang dan tidak menyiapkan diri."
  },
  {
    "by": "⸸Ramlan⸸Panutanque.",
    "quote": "Satu-satunya yang bisa menghalangi kita adalah keyakinan yang salah dan sikap yang negatif."
  },
  {
    "by": "⸸Ramlan⸸Panutanque.",
    "quote": "Saya tidak takut pada hari esok karena saya sudah melihat hari kemarin dan saya mencintai hari ini."
  },
  {
    "by": "⸸Ramlan⸸Panutanque.",
    "quote": "Guru yang biasa-biasa, berbicara. Guru yang bagus, menerangkan. Guru yang hebat, mendemonstrasikan. Guru yang agung, memberi inspirasi."
  },
  {
    "by": "⸸Ramlan⸸Panutanque.",
    "quote": "Semua masalah menjadi lebih kecil jika Anda tidak mengelaknya, tapi menghadapinya."
  },
  {
    "by": "⸸Ramlan⸸Panutanque.",
    "quote": "Perubahan yang paling bermakna dalam hidup adalah perubahan sikap. Sikap yang benar akan menghasilkan tindakan yang benar."
  },
  {
    "by": "⸸Ramlan⸸Panutanque.",
    "quote": "Jika Anda harus membuat pilihan dan Anda tidak melakukannya, itu saja sudah pilihan."
  },
  {
    "by": "⸸Ramlan⸸Panutanque.",
    "quote": "Percaya bahwa hidup itu berharga, dan kepercayaan Anda akan membantu menciptakan hidup yang berharga."
  },
  {
    "by": "⸸Ramlan⸸Panutanque.",
    "quote": "Kuatir sama seperti membayar bunga untuk uang yang mungkin tak pernah Anda pinjam."
  },
  {
    "by": "⸸Ramlan⸸Panutanque.",
    "quote": "Jangan sering menyalakan api kebencian terhadap musuhmu, karena nanti akan membakar dirimu sendiri."
  },
  {
    "by": "⸸Ramlan⸸Panutanque.",
    "quote": "Bila kamu jujur kepada dirimu sendiri, bagai siang pasti berganti malam, kamu takkan pernah berdusta kepada orang lain."
  },
  {
    "by": "⸸riyan⸸Panutanque.",
    "quote": "Kutu yang berani adalah kutu yang bisa berani mendapatkan sarapannya pada bibir seekor singa."
  },
  {
    "by": "⸸Riyan⸸Panutanque.",
    "quote": "Kita menyambung hidup dengan apa yang kita peroleh, tapi kita menghadirkan kehidupkan dengan apa yang kita berikan."
  },
  {
    "by": "⸸Riyan⸸Panutanque.",
    "quote": "Pengetahuan tidaklah cukup, kita harus mengamalkannya. Niat tidak cukup, kita harus melakukannya."
  },
  {
    "by": "⸸Riyan⸸Panutanque.",
    "quote": "Ketika Anda bertambah tua, Anda akan menemukan satu-satunya hal yang Anda sesali adalah hal-hal yang tidak Anda lakukan."
  },
  {
    "by": "⸸Riyan⸸Panutanque.",
    "quote": "Batu fondasi untuk sukses yang seimbang adalah kejujuran, watak, integritas, iman, cinta dan kesetiaan."
  },
  {
    "by": "⸸Riyan⸸Panutanque.",
    "quote": "Kebanyakan orang gagal meraih cita-citanya bukan karena mereka tidak mampu, tetapi karena tidak berkomitmen."
  },
  {
    "by": "⸸Riyan⸸Panutanque.",
    "quote": "Kita tidak harus hebat saat memulai, tapi kita harus memulai untuk menjadi hebat."
  }
]